[
    {
        "order_id": "003",
        "task_type": "类型A",
        "start_date": "2023-06-01",
        "keyword": "关键字1",
        "task_amount": "10",
        "execution_count": "5",
        "task_status": "已完成",
        "details": [
            {
                "account": "12456267",
                "ip_address": "43.224.452.56.535.642",
                "target_link": "https://weibo.com/6219909041/5046659022848706",
                "run_status": "已完成"
            },
            {
                "account": "12456268",
                "ip_address": "43.224.452.56.535.643",
                "target_link": "https://weibo.com/6219909041/5046659022848706",
                "run_status": "未完成"
            },
            {
                "account": "12456269",
                "ip_address": "43.224.452.56.535.644",
                "target_link": "https://weibo.com/6219909041/5046659022848706",
                "run_status": "已完成"
            },
            {
                "account": "12456270",
                "ip_address": "43.224.452.56.535.645",
                "target_link": "https://weibo.com/6219909041/5046659022848706",
                "run_status": "已完成"
            },
            {
                "account": "12456271",
                "ip_address": "43.224.452.56.535.646",
                "target_link": "https://weibo.com/6219909041/5046659022848706",
                "run_status": "已完成"
            },
            {
                "account": "12456272",
                "ip_address": "43.224.452.56.535.647",
                "target_link": "https://weibo.com/6219909041/5046659022848706",
                "run_status": "已完成"
            },
            {
                "account": "12456273",
                "ip_address": "43.224.452.56.535.648",
                "target_link": "https://weibo.com/6219909041/5046659022848706",
                "run_status": "未完成"
            },
            {
                "account": "12456274",
                "ip_address": "43.224.452.56.535.649",
                "target_link": "https://weibo.com/6219909041/5046659022848706",
                "run_status": "未完成"
            },
            {
                "account": "12456275",
                "ip_address": "43.224.452.56.535.650",
                "target_link": "https://weibo.com/6219909041/5046659022848706",
                "run_status": "已完成"
            },
            {
                "account": "12456276",
                "ip_address": "43.224.452.56.535.651",
                "target_link": "https://weibo.com/6219909041/5046659022848706",
                "run_status": "未完成"
            },
            {
                "account": "12456277",
                "ip_address": "43.224.452.56.535.652",
                "target_link": "https://weibo.com/6219909041/5046659022848706",
                "run_status": "已完成"
            },
            {
                "account": "12456278",
                "ip_address": "43.224.452.56.535.653",
                "target_link": "https://weibo.com/6219909041/5046659022848706",
                "run_status": "已完成"
            },
            {
                "account": "12456279",
                "ip_address": "43.224.452.56.535.654",
                "target_link": "https://weibo.com/6219909041/5046659022848706",
                "run_status": "已完成"
            },
            {
                "account": "12456280",
                "ip_address": "43.224.452.56.535.655",
                "target_link": "https://weibo.com/6219909041/5046659022848706",
                "run_status": "已完成"
            },
            {
                "account": "12456281",
                "ip_address": "43.224.452.56.535.656",
                "target_link": "https://weibo.com/6219909041/5046659022848706",
                "run_status": "未完成"
            },
            {
                "account": "12456282",
                "ip_address": "43.224.452.56.535.657",
                "target_link": "https://weibo.com/6219909041/5046659022848706",
                "run_status": "未完成"
            },
            {
                "account": "12456283",
                "ip_address": "43.224.452.56.535.658",
                "target_link": "https://weibo.com/6219909041/5046659022848706",
                "run_status": "已完成"
            },
            {
                "account": "12456284",
                "ip_address": "43.224.452.56.535.659",
                "target_link": "https://weibo.com/6219909041/5046659022848706",
                "run_status": "未完成"
            },
            {
                "account": "12456285",
                "ip_address": "43.224.452.56.535.660",
                "target_link": "https://weibo.com/6219909041/5046659022848706",
                "run_status": "已完成"
            },
            {
                "account": "12456286",
                "ip_address": "43.224.452.56.535.661",
                "target_link": "https://weibo.com/6219909041/5046659022848706",
                "run_status": "已完成"
            },
            {
                "account": "12456287",
                "ip_address": "43.224.452.56.535.662",
                "target_link": "https://weibo.com/6219909041/5046659022848706",
                "run_status": "已完成"
            },
            {
                "account": "12456288",
                "ip_address": "43.224.452.56.535.663",
                "target_link": "https://weibo.com/6219909041/5046659022848706",
                "run_status": "已完成"
            },
            {
                "account": "12456289",
                "ip_address": "43.224.452.56.535.664",
                "target_link": "https://weibo.com/6219909041/5046659022848706",
                "run_status": "未完成"
            },
            {
                "account": "12456290",
                "ip_address": "43.224.452.56.535.665",
                "target_link": "https://weibo.com/6219909041/5046659022848706",
                "run_status": "未完成"
            },
            {
                "account": "12456291",
                "ip_address": "43.224.452.56.535.666",
                "target_link": "https://weibo.com/6219909041/5046659022848706",
                "run_status": "已完成"
            },
            {
                "account": "12456292",
                "ip_address": "43.224.452.56.535.667",
                "target_link": "https://weibo.com/6219909041/5046659022848706",
                "run_status": "未完成"
            },
            {
                "account": "12456293",
                "ip_address": "43.224.452.56.535.668",
                "target_link": "https://weibo.com/6219909041/5046659022848706",
                "run_status": "已完成"
            },
            {
                "account": "12456294",
                "ip_address": "43.224.452.56.535.669",
                "target_link": "https://weibo.com/6219909041/5046659022848706",
                "run_status": "已完成"
            },
            {
                "account": "12456295",
                "ip_address": "43.224.452.56.535.670",
                "target_link": "https://weibo.com/6219909041/5046659022848706",
                "run_status": "已完成"
            },
            {
                "account": "12456296",
                "ip_address": "43.224.452.56.535.671",
                "target_link": "https://weibo.com/6219909041/5046659022848706",
                "run_status": "已完成"
            },
            {
                "account": "12456297",
                "ip_address": "43.224.452.56.535.672",
                "target_link": "https://weibo.com/6219909041/5046659022848706",
                "run_status": "未完成"
            },
            {
                "account": "12456298",
                "ip_address": "43.224.452.56.535.673",
                "target_link": "https://weibo.com/6219909041/5046659022848706",
                "run_status": "未完成"
            },
            {
                "account": "12456299",
                "ip_address": "43.224.452.56.535.674",
                "target_link": "https://weibo.com/6219909041/5046659022848706",
                "run_status": "已完成"
            },
            {
                "account": "12456300",
                "ip_address": "43.224.452.56.535.675",
                "target_link": "https://weibo.com/6219909041/5046659022848706",
                "run_status": "未完成"
            },
            {
                "account": "12456301",
                "ip_address": "43.224.452.56.535.676",
                "target_link": "https://weibo.com/6219909041/5046659022848706",
                "run_status": "已完成"
            }
        ]
    },
    {
        "order_id": "1",
        "task_type": "1",
        "start_date": "0023-03-02",
        "keyword": "123",
        "task_amount": "123",
        "execution_count": "12312313",
        "task_status": "已完成",
        "details": [
            {
                "account": "123",
                "ip_address": "32",
                "target_link": "123",
                "run_status": "123"
            }
        ]
    },
    {
        "order_id": "",
        "task_type": "",
        "start_date": "",
        "keyword": "",
        "task_amount": "",
        "execution_count": "",
        "task_status": "",
        "details": [
            {
                "账号": 12456267,
                "IP地址": "43.224.452.56.535.642",
                "目标链接": "https://weibo.com/6219909041/5046659022848706",
                "运行状态": "已完成"
            },
            {
                "账号": 12456268,
                "IP地址": "43.224.452.56.535.643",
                "目标链接": "https://weibo.com/6219909041/5046659022848706",
                "运行状态": "未完成"
            },
            {
                "账号": 12456269,
                "IP地址": "43.224.452.56.535.644",
                "目标链接": "https://weibo.com/6219909041/5046659022848706",
                "运行状态": "已完成"
            },
            {
                "账号": 12456270,
                "IP地址": "43.224.452.56.535.645",
                "目标链接": "https://weibo.com/6219909041/5046659022848706",
                "运行状态": "已完成"
            },
            {
                "账号": 12456271,
                "IP地址": "43.224.452.56.535.646",
                "目标链接": "https://weibo.com/6219909041/5046659022848706",
                "运行状态": "已完成"
            },
            {
                "账号": 12456272,
                "IP地址": "43.224.452.56.535.647",
                "目标链接": "https://weibo.com/6219909041/5046659022848706",
                "运行状态": "已完成"
            },
            {
                "账号": 12456273,
                "IP地址": "43.224.452.56.535.648",
                "目标链接": "https://weibo.com/6219909041/5046659022848706",
                "运行状态": "未完成"
            },
            {
                "账号": 12456274,
                "IP地址": "43.224.452.56.535.649",
                "目标链接": "https://weibo.com/6219909041/5046659022848706",
                "运行状态": "未完成"
            },
            {
                "账号": 12456275,
                "IP地址": "43.224.452.56.535.650",
                "目标链接": "https://weibo.com/6219909041/5046659022848706",
                "运行状态": "已完成"
            },
            {
                "账号": 12456276,
                "IP地址": "43.224.452.56.535.651",
                "目标链接": "https://weibo.com/6219909041/5046659022848706",
                "运行状态": "未完成"
            },
            {
                "账号": 12456277,
                "IP地址": "43.224.452.56.535.652",
                "目标链接": "https://weibo.com/6219909041/5046659022848706",
                "运行状态": "已完成"
            },
            {
                "账号": 12456278,
                "IP地址": "43.224.452.56.535.653",
                "目标链接": "https://weibo.com/6219909041/5046659022848706",
                "运行状态": "已完成"
            },
            {
                "账号": 12456279,
                "IP地址": "43.224.452.56.535.654",
                "目标链接": "https://weibo.com/6219909041/5046659022848706",
                "运行状态": "已完成"
            },
            {
                "账号": 12456280,
                "IP地址": "43.224.452.56.535.655",
                "目标链接": "https://weibo.com/6219909041/5046659022848706",
                "运行状态": "已完成"
            },
            {
                "账号": 12456281,
                "IP地址": "43.224.452.56.535.656",
                "目标链接": "https://weibo.com/6219909041/5046659022848706",
                "运行状态": "未完成"
            },
            {
                "账号": 12456282,
                "IP地址": "43.224.452.56.535.657",
                "目标链接": "https://weibo.com/6219909041/5046659022848706",
                "运行状态": "未完成"
            },
            {
                "账号": 12456283,
                "IP地址": "43.224.452.56.535.658",
                "目标链接": "https://weibo.com/6219909041/5046659022848706",
                "运行状态": "已完成"
            },
            {
                "账号": 12456284,
                "IP地址": "43.224.452.56.535.659",
                "目标链接": "https://weibo.com/6219909041/5046659022848706",
                "运行状态": "未完成"
            },
            {
                "账号": 12456285,
                "IP地址": "43.224.452.56.535.660",
                "目标链接": "https://weibo.com/6219909041/5046659022848706",
                "运行状态": "已完成"
            },
            {
                "账号": 12456286,
                "IP地址": "43.224.452.56.535.661",
                "目标链接": "https://weibo.com/6219909041/5046659022848706",
                "运行状态": "已完成"
            },
            {
                "账号": 12456287,
                "IP地址": "43.224.452.56.535.662",
                "目标链接": "https://weibo.com/6219909041/5046659022848706",
                "运行状态": "已完成"
            },
            {
                "账号": 12456288,
                "IP地址": "43.224.452.56.535.663",
                "目标链接": "https://weibo.com/6219909041/5046659022848706",
                "运行状态": "已完成"
            },
            {
                "账号": 12456289,
                "IP地址": "43.224.452.56.535.664",
                "目标链接": "https://weibo.com/6219909041/5046659022848706",
                "运行状态": "未完成"
            },
            {
                "账号": 12456290,
                "IP地址": "43.224.452.56.535.665",
                "目标链接": "https://weibo.com/6219909041/5046659022848706",
                "运行状态": "未完成"
            },
            {
                "账号": 12456291,
                "IP地址": "43.224.452.56.535.666",
                "目标链接": "https://weibo.com/6219909041/5046659022848706",
                "运行状态": "已完成"
            },
            {
                "账号": 12456292,
                "IP地址": "43.224.452.56.535.667",
                "目标链接": "https://weibo.com/6219909041/5046659022848706",
                "运行状态": "未完成"
            },
            {
                "账号": 12456293,
                "IP地址": "43.224.452.56.535.668",
                "目标链接": "https://weibo.com/6219909041/5046659022848706",
                "运行状态": "已完成"
            },
            {
                "账号": 12456294,
                "IP地址": "43.224.452.56.535.669",
                "目标链接": "https://weibo.com/6219909041/5046659022848706",
                "运行状态": "已完成"
            },
            {
                "账号": 12456295,
                "IP地址": "43.224.452.56.535.670",
                "目标链接": "https://weibo.com/6219909041/5046659022848706",
                "运行状态": "已完成"
            },
            {
                "账号": 12456296,
                "IP地址": "43.224.452.56.535.671",
                "目标链接": "https://weibo.com/6219909041/5046659022848706",
                "运行状态": "已完成"
            },
            {
                "账号": 12456297,
                "IP地址": "43.224.452.56.535.672",
                "目标链接": "https://weibo.com/6219909041/5046659022848706",
                "运行状态": "未完成"
            },
            {
                "账号": 12456298,
                "IP地址": "43.224.452.56.535.673",
                "目标链接": "https://weibo.com/6219909041/5046659022848706",
                "运行状态": "未完成"
            },
            {
                "账号": 12456299,
                "IP地址": "43.224.452.56.535.674",
                "目标链接": "https://weibo.com/6219909041/5046659022848706",
                "运行状态": "已完成"
            },
            {
                "账号": 12456300,
                "IP地址": "43.224.452.56.535.675",
                "目标链接": "https://weibo.com/6219909041/5046659022848706",
                "运行状态": "未完成"
            },
            {
                "账号": 12456301,
                "IP地址": "43.224.452.56.535.676",
                "目标链接": "https://weibo.com/6219909041/5046659022848706",
                "运行状态": "已完成"
            },
            {
                "账号": 12456267,
                "IP地址": "43.224.452.56.535.642",
                "目标链接": "https://weibo.com/6219909041/5046659022848706",
                "运行状态": "已完成"
            },
            {
                "账号": 12456268,
                "IP地址": "43.224.452.56.535.643",
                "目标链接": "https://weibo.com/6219909041/5046659022848706",
                "运行状态": "未完成"
            },
            {
                "账号": 12456269,
                "IP地址": "43.224.452.56.535.644",
                "目标链接": "https://weibo.com/6219909041/5046659022848706",
                "运行状态": "已完成"
            },
            {
                "账号": 12456270,
                "IP地址": "43.224.452.56.535.645",
                "目标链接": "https://weibo.com/6219909041/5046659022848706",
                "运行状态": "已完成"
            },
            {
                "账号": 12456271,
                "IP地址": "43.224.452.56.535.646",
                "目标链接": "https://weibo.com/6219909041/5046659022848706",
                "运行状态": "已完成"
            },
            {
                "账号": 12456272,
                "IP地址": "43.224.452.56.535.647",
                "目标链接": "https://weibo.com/6219909041/5046659022848706",
                "运行状态": "已完成"
            },
            {
                "账号": 12456273,
                "IP地址": "43.224.452.56.535.648",
                "目标链接": "https://weibo.com/6219909041/5046659022848706",
                "运行状态": "未完成"
            },
            {
                "账号": 12456274,
                "IP地址": "43.224.452.56.535.649",
                "目标链接": "https://weibo.com/6219909041/5046659022848706",
                "运行状态": "未完成"
            },
            {
                "账号": 12456275,
                "IP地址": "43.224.452.56.535.650",
                "目标链接": "https://weibo.com/6219909041/5046659022848706",
                "运行状态": "已完成"
            },
            {
                "账号": 12456276,
                "IP地址": "43.224.452.56.535.651",
                "目标链接": "https://weibo.com/6219909041/5046659022848706",
                "运行状态": "未完成"
            },
            {
                "账号": 12456277,
                "IP地址": "43.224.452.56.535.652",
                "目标链接": "https://weibo.com/6219909041/5046659022848706",
                "运行状态": "已完成"
            },
            {
                "账号": 12456278,
                "IP地址": "43.224.452.56.535.653",
                "目标链接": "https://weibo.com/6219909041/5046659022848706",
                "运行状态": "已完成"
            },
            {
                "账号": 12456279,
                "IP地址": "43.224.452.56.535.654",
                "目标链接": "https://weibo.com/6219909041/5046659022848706",
                "运行状态": "已完成"
            },
            {
                "账号": 12456280,
                "IP地址": "43.224.452.56.535.655",
                "目标链接": "https://weibo.com/6219909041/5046659022848706",
                "运行状态": "已完成"
            },
            {
                "账号": 12456281,
                "IP地址": "43.224.452.56.535.656",
                "目标链接": "https://weibo.com/6219909041/5046659022848706",
                "运行状态": "未完成"
            },
            {
                "账号": 12456282,
                "IP地址": "43.224.452.56.535.657",
                "目标链接": "https://weibo.com/6219909041/5046659022848706",
                "运行状态": "未完成"
            },
            {
                "账号": 12456283,
                "IP地址": "43.224.452.56.535.658",
                "目标链接": "https://weibo.com/6219909041/5046659022848706",
                "运行状态": "已完成"
            },
            {
                "账号": 12456284,
                "IP地址": "43.224.452.56.535.659",
                "目标链接": "https://weibo.com/6219909041/5046659022848706",
                "运行状态": "未完成"
            },
            {
                "账号": 12456285,
                "IP地址": "43.224.452.56.535.660",
                "目标链接": "https://weibo.com/6219909041/5046659022848706",
                "运行状态": "已完成"
            },
            {
                "账号": 12456286,
                "IP地址": "43.224.452.56.535.661",
                "目标链接": "https://weibo.com/6219909041/5046659022848706",
                "运行状态": "已完成"
            },
            {
                "账号": 12456287,
                "IP地址": "43.224.452.56.535.662",
                "目标链接": "https://weibo.com/6219909041/5046659022848706",
                "运行状态": "已完成"
            },
            {
                "账号": 12456288,
                "IP地址": "43.224.452.56.535.663",
                "目标链接": "https://weibo.com/6219909041/5046659022848706",
                "运行状态": "已完成"
            },
            {
                "账号": 12456289,
                "IP地址": "43.224.452.56.535.664",
                "目标链接": "https://weibo.com/6219909041/5046659022848706",
                "运行状态": "未完成"
            },
            {
                "账号": 12456290,
                "IP地址": "43.224.452.56.535.665",
                "目标链接": "https://weibo.com/6219909041/5046659022848706",
                "运行状态": "未完成"
            },
            {
                "账号": 12456291,
                "IP地址": "43.224.452.56.535.666",
                "目标链接": "https://weibo.com/6219909041/5046659022848706",
                "运行状态": "已完成"
            },
            {
                "账号": 12456292,
                "IP地址": "43.224.452.56.535.667",
                "目标链接": "https://weibo.com/6219909041/5046659022848706",
                "运行状态": "未完成"
            },
            {
                "账号": 12456293,
                "IP地址": "43.224.452.56.535.668",
                "目标链接": "https://weibo.com/6219909041/5046659022848706",
                "运行状态": "已完成"
            },
            {
                "账号": 12456294,
                "IP地址": "43.224.452.56.535.669",
                "目标链接": "https://weibo.com/6219909041/5046659022848706",
                "运行状态": "已完成"
            },
            {
                "账号": 12456295,
                "IP地址": "43.224.452.56.535.670",
                "目标链接": "https://weibo.com/6219909041/5046659022848706",
                "运行状态": "已完成"
            },
            {
                "账号": 12456296,
                "IP地址": "43.224.452.56.535.671",
                "目标链接": "https://weibo.com/6219909041/5046659022848706",
                "运行状态": "已完成"
            },
            {
                "账号": 12456297,
                "IP地址": "43.224.452.56.535.672",
                "目标链接": "https://weibo.com/6219909041/5046659022848706",
                "运行状态": "未完成"
            },
            {
                "账号": 12456298,
                "IP地址": "43.224.452.56.535.673",
                "目标链接": "https://weibo.com/6219909041/5046659022848706",
                "运行状态": "未完成"
            },
            {
                "账号": 12456299,
                "IP地址": "43.224.452.56.535.674",
                "目标链接": "https://weibo.com/6219909041/5046659022848706",
                "运行状态": "已完成"
            },
            {
                "账号": 12456300,
                "IP地址": "43.224.452.56.535.675",
                "目标链接": "https://weibo.com/6219909041/5046659022848706",
                "运行状态": "未完成"
            },
            {
                "账号": 12456301,
                "IP地址": "43.224.452.56.535.676",
                "目标链接": "https://weibo.com/6219909041/5046659022848706",
                "运行状态": "已完成"
            },
            {
                "账号": 12456267,
                "IP地址": "43.224.452.56.535.642",
                "目标链接": "https://weibo.com/6219909041/5046659022848706",
                "运行状态": "已完成"
            },
            {
                "账号": 12456268,
                "IP地址": "43.224.452.56.535.643",
                "目标链接": "https://weibo.com/6219909041/5046659022848706",
                "运行状态": "未完成"
            },
            {
                "账号": 12456269,
                "IP地址": "43.224.452.56.535.644",
                "目标链接": "https://weibo.com/6219909041/5046659022848706",
                "运行状态": "已完成"
            },
            {
                "账号": 12456270,
                "IP地址": "43.224.452.56.535.645",
                "目标链接": "https://weibo.com/6219909041/5046659022848706",
                "运行状态": "已完成"
            },
            {
                "账号": 12456271,
                "IP地址": "43.224.452.56.535.646",
                "目标链接": "https://weibo.com/6219909041/5046659022848706",
                "运行状态": "已完成"
            },
            {
                "账号": 12456272,
                "IP地址": "43.224.452.56.535.647",
                "目标链接": "https://weibo.com/6219909041/5046659022848706",
                "运行状态": "已完成"
            },
            {
                "账号": 12456273,
                "IP地址": "43.224.452.56.535.648",
                "目标链接": "https://weibo.com/6219909041/5046659022848706",
                "运行状态": "未完成"
            },
            {
                "账号": 12456274,
                "IP地址": "43.224.452.56.535.649",
                "目标链接": "https://weibo.com/6219909041/5046659022848706",
                "运行状态": "未完成"
            },
            {
                "账号": 12456275,
                "IP地址": "43.224.452.56.535.650",
                "目标链接": "https://weibo.com/6219909041/5046659022848706",
                "运行状态": "已完成"
            },
            {
                "账号": 12456276,
                "IP地址": "43.224.452.56.535.651",
                "目标链接": "https://weibo.com/6219909041/5046659022848706",
                "运行状态": "未完成"
            },
            {
                "账号": 12456277,
                "IP地址": "43.224.452.56.535.652",
                "目标链接": "https://weibo.com/6219909041/5046659022848706",
                "运行状态": "已完成"
            },
            {
                "账号": 12456278,
                "IP地址": "43.224.452.56.535.653",
                "目标链接": "https://weibo.com/6219909041/5046659022848706",
                "运行状态": "已完成"
            },
            {
                "账号": 12456279,
                "IP地址": "43.224.452.56.535.654",
                "目标链接": "https://weibo.com/6219909041/5046659022848706",
                "运行状态": "已完成"
            },
            {
                "账号": 12456280,
                "IP地址": "43.224.452.56.535.655",
                "目标链接": "https://weibo.com/6219909041/5046659022848706",
                "运行状态": "已完成"
            },
            {
                "账号": 12456281,
                "IP地址": "43.224.452.56.535.656",
                "目标链接": "https://weibo.com/6219909041/5046659022848706",
                "运行状态": "未完成"
            },
            {
                "账号": 12456282,
                "IP地址": "43.224.452.56.535.657",
                "目标链接": "https://weibo.com/6219909041/5046659022848706",
                "运行状态": "未完成"
            },
            {
                "账号": 12456283,
                "IP地址": "43.224.452.56.535.658",
                "目标链接": "https://weibo.com/6219909041/5046659022848706",
                "运行状态": "已完成"
            },
            {
                "账号": 12456284,
                "IP地址": "43.224.452.56.535.659",
                "目标链接": "https://weibo.com/6219909041/5046659022848706",
                "运行状态": "未完成"
            },
            {
                "账号": 12456285,
                "IP地址": "43.224.452.56.535.660",
                "目标链接": "https://weibo.com/6219909041/5046659022848706",
                "运行状态": "已完成"
            },
            {
                "账号": 12456286,
                "IP地址": "43.224.452.56.535.661",
                "目标链接": "https://weibo.com/6219909041/5046659022848706",
                "运行状态": "已完成"
            },
            {
                "账号": 12456287,
                "IP地址": "43.224.452.56.535.662",
                "目标链接": "https://weibo.com/6219909041/5046659022848706",
                "运行状态": "已完成"
            },
            {
                "账号": 12456288,
                "IP地址": "43.224.452.56.535.663",
                "目标链接": "https://weibo.com/6219909041/5046659022848706",
                "运行状态": "已完成"
            },
            {
                "账号": 12456289,
                "IP地址": "43.224.452.56.535.664",
                "目标链接": "https://weibo.com/6219909041/5046659022848706",
                "运行状态": "未完成"
            },
            {
                "账号": 12456290,
                "IP地址": "43.224.452.56.535.665",
                "目标链接": "https://weibo.com/6219909041/5046659022848706",
                "运行状态": "未完成"
            },
            {
                "账号": 12456291,
                "IP地址": "43.224.452.56.535.666",
                "目标链接": "https://weibo.com/6219909041/5046659022848706",
                "运行状态": "已完成"
            },
            {
                "账号": 12456292,
                "IP地址": "43.224.452.56.535.667",
                "目标链接": "https://weibo.com/6219909041/5046659022848706",
                "运行状态": "未完成"
            },
            {
                "账号": 12456293,
                "IP地址": "43.224.452.56.535.668",
                "目标链接": "https://weibo.com/6219909041/5046659022848706",
                "运行状态": "已完成"
            },
            {
                "账号": 12456294,
                "IP地址": "43.224.452.56.535.669",
                "目标链接": "https://weibo.com/6219909041/5046659022848706",
                "运行状态": "已完成"
            },
            {
                "账号": 12456295,
                "IP地址": "43.224.452.56.535.670",
                "目标链接": "https://weibo.com/6219909041/5046659022848706",
                "运行状态": "已完成"
            },
            {
                "账号": 12456296,
                "IP地址": "43.224.452.56.535.671",
                "目标链接": "https://weibo.com/6219909041/5046659022848706",
                "运行状态": "已完成"
            },
            {
                "账号": 12456297,
                "IP地址": "43.224.452.56.535.672",
                "目标链接": "https://weibo.com/6219909041/5046659022848706",
                "运行状态": "未完成"
            },
            {
                "账号": 12456298,
                "IP地址": "43.224.452.56.535.673",
                "目标链接": "https://weibo.com/6219909041/5046659022848706",
                "运行状态": "未完成"
            },
            {
                "账号": 12456299,
                "IP地址": "43.224.452.56.535.674",
                "目标链接": "https://weibo.com/6219909041/5046659022848706",
                "运行状态": "已完成"
            },
            {
                "账号": 12456300,
                "IP地址": "43.224.452.56.535.675",
                "目标链接": "https://weibo.com/6219909041/5046659022848706",
                "运行状态": "未完成"
            },
            {
                "账号": 12456301,
                "IP地址": "43.224.452.56.535.676",
                "目标链接": "https://weibo.com/6219909041/5046659022848706",
                "运行状态": "已完成"
            }
        ]
    },
    {
        "order_id": "123",
        "task_type": "123",
        "start_date": "12313-12-12",
        "keyword": "311231",
        "task_amount": "3123",
        "execution_count": "131",
        "task_status": "已完成",
        "details": [
            {
                "account": "12456267",
                "ip_address": "43.224.452.56.535.642",
                "target_link": "https://weibo.com/6219909041/5046659022848706",
                "run_status": "已完成"
            },
            {
                "account": "12456268",
                "ip_address": "43.224.452.56.535.643",
                "target_link": "https://weibo.com/6219909041/5046659022848706",
                "run_status": "未完成"
            },
            {
                "account": "12456269",
                "ip_address": "43.224.452.56.535.644",
                "target_link": "https://weibo.com/6219909041/5046659022848706",
                "run_status": "已完成"
            },
            {
                "account": "12456270",
                "ip_address": "43.224.452.56.535.645",
                "target_link": "https://weibo.com/6219909041/5046659022848706",
                "run_status": "已完成"
            },
            {
                "account": "12456271",
                "ip_address": "43.224.452.56.535.646",
                "target_link": "https://weibo.com/6219909041/5046659022848706",
                "run_status": "已完成"
            },
            {
                "account": "12456272",
                "ip_address": "43.224.452.56.535.647",
                "target_link": "https://weibo.com/6219909041/5046659022848706",
                "run_status": "已完成"
            },
            {
                "account": "12456273",
                "ip_address": "43.224.452.56.535.648",
                "target_link": "https://weibo.com/6219909041/5046659022848706",
                "run_status": "未完成"
            },
            {
                "account": "12456274",
                "ip_address": "43.224.452.56.535.649",
                "target_link": "https://weibo.com/6219909041/5046659022848706",
                "run_status": "未完成"
            },
            {
                "account": "12456275",
                "ip_address": "43.224.452.56.535.650",
                "target_link": "https://weibo.com/6219909041/5046659022848706",
                "run_status": "已完成"
            },
            {
                "account": "12456276",
                "ip_address": "43.224.452.56.535.651",
                "target_link": "https://weibo.com/6219909041/5046659022848706",
                "run_status": "未完成"
            },
            {
                "account": "12456277",
                "ip_address": "43.224.452.56.535.652",
                "target_link": "https://weibo.com/6219909041/5046659022848706",
                "run_status": "已完成"
            },
            {
                "account": "12456278",
                "ip_address": "43.224.452.56.535.653",
                "target_link": "https://weibo.com/6219909041/5046659022848706",
                "run_status": "已完成"
            },
            {
                "account": "12456279",
                "ip_address": "43.224.452.56.535.654",
                "target_link": "https://weibo.com/6219909041/5046659022848706",
                "run_status": "已完成"
            },
            {
                "account": "12456280",
                "ip_address": "43.224.452.56.535.655",
                "target_link": "https://weibo.com/6219909041/5046659022848706",
                "run_status": "已完成"
            },
            {
                "account": "12456281",
                "ip_address": "43.224.452.56.535.656",
                "target_link": "https://weibo.com/6219909041/5046659022848706",
                "run_status": "未完成"
            },
            {
                "account": "12456282",
                "ip_address": "43.224.452.56.535.657",
                "target_link": "https://weibo.com/6219909041/5046659022848706",
                "run_status": "未完成"
            },
            {
                "account": "12456283",
                "ip_address": "43.224.452.56.535.658",
                "target_link": "https://weibo.com/6219909041/5046659022848706",
                "run_status": "已完成"
            },
            {
                "account": "12456284",
                "ip_address": "43.224.452.56.535.659",
                "target_link": "https://weibo.com/6219909041/5046659022848706",
                "run_status": "未完成"
            },
            {
                "account": "12456285",
                "ip_address": "43.224.452.56.535.660",
                "target_link": "https://weibo.com/6219909041/5046659022848706",
                "run_status": "已完成"
            },
            {
                "account": "12456286",
                "ip_address": "43.224.452.56.535.661",
                "target_link": "https://weibo.com/6219909041/5046659022848706",
                "run_status": "已完成"
            },
            {
                "account": "12456287",
                "ip_address": "43.224.452.56.535.662",
                "target_link": "https://weibo.com/6219909041/5046659022848706",
                "run_status": "已完成"
            },
            {
                "account": "12456288",
                "ip_address": "43.224.452.56.535.663",
                "target_link": "https://weibo.com/6219909041/5046659022848706",
                "run_status": "已完成"
            },
            {
                "account": "12456289",
                "ip_address": "43.224.452.56.535.664",
                "target_link": "https://weibo.com/6219909041/5046659022848706",
                "run_status": "未完成"
            },
            {
                "account": "12456290",
                "ip_address": "43.224.452.56.535.665",
                "target_link": "https://weibo.com/6219909041/5046659022848706",
                "run_status": "未完成"
            },
            {
                "account": "12456291",
                "ip_address": "43.224.452.56.535.666",
                "target_link": "https://weibo.com/6219909041/5046659022848706",
                "run_status": "已完成"
            },
            {
                "account": "12456292",
                "ip_address": "43.224.452.56.535.667",
                "target_link": "https://weibo.com/6219909041/5046659022848706",
                "run_status": "未完成"
            },
            {
                "account": "12456293",
                "ip_address": "43.224.452.56.535.668",
                "target_link": "https://weibo.com/6219909041/5046659022848706",
                "run_status": "已完成"
            },
            {
                "account": "12456294",
                "ip_address": "43.224.452.56.535.669",
                "target_link": "https://weibo.com/6219909041/5046659022848706",
                "run_status": "已完成"
            },
            {
                "account": "12456295",
                "ip_address": "43.224.452.56.535.670",
                "target_link": "https://weibo.com/6219909041/5046659022848706",
                "run_status": "已完成"
            },
            {
                "account": "12456296",
                "ip_address": "43.224.452.56.535.671",
                "target_link": "https://weibo.com/6219909041/5046659022848706",
                "run_status": "已完成"
            },
            {
                "account": "12456297",
                "ip_address": "43.224.452.56.535.672",
                "target_link": "https://weibo.com/6219909041/5046659022848706",
                "run_status": "未完成"
            },
            {
                "account": "12456298",
                "ip_address": "43.224.452.56.535.673",
                "target_link": "https://weibo.com/6219909041/5046659022848706",
                "run_status": "未完成"
            },
            {
                "account": "12456299",
                "ip_address": "43.224.452.56.535.674",
                "target_link": "https://weibo.com/6219909041/5046659022848706",
                "run_status": "已完成"
            },
            {
                "account": "12456300",
                "ip_address": "43.224.452.56.535.675",
                "target_link": "https://weibo.com/6219909041/5046659022848706",
                "run_status": "未完成"
            },
            {
                "account": "12456301",
                "ip_address": "43.224.452.56.535.676",
                "target_link": "https://weibo.com/6219909041/5046659022848706",
                "run_status": "已完成"
            }
        ]
    }
]